 , ,wave,FSRU,,FLNG,,ship0,,,ship1,,
day,time,enableLoad,amount,loading,amount,loading,positon,amount,loadingTime,positon,amount,loadingTime
1,8,1,0.0,0,0.0,0,0.0,0.0,0,0.0,0.0,0,
1,9,1,0.0,0,2000.0,0,30.0,0.0,0,30.0,0.0,0,
1,10,1,0.0,0,4000.0,0,60.0,0.0,0,60.0,0.0,0,
1,11,1,0.0,0,6000.0,0,90.0,0.0,0,90.0,0.0,0,
1,12,1,0.0,0,8000.0,0,120.0,0.0,0,120.0,0.0,0,
1,13,1,0.0,0,10000.0,0,150.0,0.0,0,150.0,0.0,0,
1,14,1,0.0,0,10000.0,0,180.0,0.0,0,180.0,0.0,0,
1,15,1,0.0,0,10000.0,0,210.0,0.0,0,210.0,0.0,0,
1,16,1,0.0,0,10000.0,0,240.0,0.0,0,240.0,0.0,0,
1,17,1,0.0,0,10000.0,0,270.0,0.0,0,270.0,0.0,0,
1,18,1,0.0,0,10000.0,0,300.0,0.0,0,300.0,0.0,0,
1,19,1,0.0,0,10000.0,0,330.0,0.0,0,330.0,0.0,0,
1,20,1,0.0,0,10000.0,0,360.0,0.0,0,360.0,0.0,0,
1,21,1,0.0,0,10000.0,0,390.0,0.0,0,390.0,0.0,0,
1,22,1,0.0,0,10000.0,0,420.0,0.0,0,420.0,0.0,0,
1,23,1,0.0,0,10000.0,0,450.0,0.0,0,450.0,0.0,0,
2,0,1,0.0,0,10000.0,0,480.0,0.0,0,480.0,0.0,0,
2,1,1,0.0,0,10000.0,0,510.0,0.0,0,510.0,0.0,0,
2,2,1,0.0,0,10000.0,0,540.0,0.0,0,540.0,0.0,0,
2,3,1,0.0,0,10000.0,0,570.0,0.0,0,570.0,0.0,0,
2,4,1,0.0,0,10000.0,0,600.0,0.0,0,600.0,0.0,0,
2,5,1,0.0,0,10000.0,0,630.0,0.0,0,630.0,0.0,0,
2,6,1,0.0,0,10000.0,0,660.0,0.0,0,660.0,0.0,0,
2,7,1,0.0,0,10000.0,0,690.0,0.0,0,690.0,0.0,0,
2,8,1,0.0,0,10000.0,0,720.0,0.0,0,720.0,0.0,0,
2,9,1,0.0,0,10000.0,0,750.0,0.0,0,750.0,0.0,0,
2,10,1,0.0,0,10000.0,0,780.0,0.0,0,780.0,0.0,0,
2,11,1,0.0,0,10000.0,0,810.0,0.0,0,810.0,0.0,0,
2,12,0,0.0,0,10000.0,0,840.0,0.0,0,840.0,0.0,0,
2,13,0,0.0,0,10000.0,0,870.0,0.0,0,870.0,0.0,0,
2,14,0,0.0,0,10000.0,0,900.0,0.0,0,900.0,0.0,0,
2,15,0,0.0,0,10000.0,0,930.0,0.0,0,930.0,0.0,0,
2,16,0,0.0,0,10000.0,0,960.0,0.0,0,960.0,0.0,0,
2,17,0,0.0,0,10000.0,0,990.0,0.0,0,990.0,0.0,0,
2,18,0,0.0,0,10000.0,0,1020.0,0.0,0,1020.0,0.0,0,
2,19,0,0.0,0,10000.0,0,1050.0,0.0,0,1050.0,0.0,0,
2,20,0,0.0,0,10000.0,0,1080.0,0.0,0,1080.0,0.0,0,
2,21,0,0.0,0,10000.0,0,1110.0,0.0,0,1110.0,0.0,0,
2,22,0,0.0,0,10000.0,0,1140.0,0.0,0,1140.0,0.0,0,
2,23,0,0.0,0,10000.0,0,1170.0,0.0,0,1170.0,0.0,0,
3,0,0,0.0,0,10000.0,0,1200.0,0.0,0,1200.0,0.0,0,
3,1,0,0.0,0,10000.0,0,1230.0,0.0,0,1230.0,0.0,0,
3,2,0,0.0,0,10000.0,0,1260.0,0.0,0,1260.0,0.0,0,
3,3,0,0.0,0,10000.0,0,1290.0,0.0,0,1290.0,0.0,0,
3,4,0,0.0,0,10000.0,0,1320.0,0.0,0,1320.0,0.0,0,
3,5,0,0.0,0,10000.0,0,1350.0,0.0,0,1350.0,0.0,0,
3,6,1,0.0,0,10000.0,0,1380.0,0.0,0,1380.0,0.0,0,
3,7,1,0.0,0,10000.0,0,1410.0,0.0,0,1410.0,0.0,0,
3,8,1,0.0,0,10000.0,0,1440.0,0.0,0,1440.0,0.0,0,
3,9,1,0.0,0,10000.0,0,1470.0,0.0,0,1470.0,0.0,0,
3,10,1,0.0,0,10000.0,0,1500.0,0.0,0,1500.0,0.0,0,
3,11,1,0.0,0,10000.0,0,1530.0,0.0,0,1530.0,0.0,0,
3,12,1,0.0,0,10000.0,0,1560.0,0.0,0,1560.0,0.0,0,
3,13,1,0.0,0,10000.0,0,1590.0,0.0,0,1590.0,0.0,0,
3,14,1,0.0,0,10000.0,0,1620.0,0.0,0,1620.0,0.0,0,
3,15,1,0.0,0,10000.0,0,1650.0,0.0,0,1650.0,0.0,0,
3,16,1,0.0,0,10000.0,0,1680.0,0.0,0,1680.0,0.0,0,
3,17,1,0.0,0,10000.0,0,1710.0,0.0,0,1710.0,0.0,0,
3,18,1,0.0,0,10000.0,0,1740.0,0.0,0,1740.0,0.0,0,
3,19,1,0.0,0,10000.0,0,1770.0,0.0,0,1770.0,0.0,0,
3,20,1,0.0,0,10000.0,0,1800.0,0.0,0,1800.0,0.0,0,
3,21,1,0.0,0,10000.0,0,1830.0,0.0,0,1830.0,0.0,0,
3,22,1,0.0,0,10000.0,0,1860.0,0.0,0,1860.0,0.0,0,
3,23,1,0.0,0,10000.0,0,1890.0,0.0,0,1890.0,0.0,0,
4,0,0,0.0,0,10000.0,0,1920.0,0.0,0,1920.0,0.0,0,
4,1,0,0.0,0,10000.0,0,1950.0,0.0,0,1950.0,0.0,0,
4,2,0,0.0,0,10000.0,0,1980.0,0.0,0,1980.0,0.0,0,
4,3,0,0.0,0,10000.0,0,2000.0,0.0,0,2000.0,0.0,0,
4,4,0,0.0,0,10000.0,0,2000.0,0.0,0,2000.0,0.0,0,
4,5,0,0.0,0,10000.0,0,2000.0,0.0,0,2000.0,0.0,0,
4,6,1,0.0,0,10000.0,0,2000.0,0.0,0,2000.0,0.0,0,
4,7,1,0.0,0,10000.0,0,2000.0,0.0,0,2000.0,0.0,0,
4,8,1,0.0,0,10000.0,0,2000.0,0.0,0,2000.0,0.0,0,
4,9,1,0.0,0,9814.814814814816,1,2000.0,185.1851851851852,1,2000.0,0.0,0,
4,10,1,0.0,0,9814.814814814816,1,2000.0,370.3703703703704,2,2000.0,0.0,0,
4,11,1,0.0,0,9814.814814814816,1,2000.0,555.5555555555555,3,2000.0,0.0,0,
4,12,1,0.0,0,9814.814814814816,1,2000.0,740.7407407407408,4,2000.0,0.0,0,
4,13,1,0.0,0,9814.814814814816,1,2000.0,925.925925925926,5,2000.0,0.0,0,
4,14,1,0.0,0,9814.814814814816,1,2000.0,1111.111111111111,6,2000.0,0.0,0,
4,15,1,0.0,0,9814.814814814816,1,2000.0,1296.2962962962963,7,2000.0,0.0,0,
4,16,1,0.0,0,9814.814814814816,1,2000.0,1481.4814814814815,8,2000.0,0.0,0,
4,17,1,0.0,0,9814.814814814816,1,2000.0,1666.6666666666667,9,2000.0,0.0,0,
4,18,1,0.0,0,9814.814814814816,1,2000.0,1851.851851851852,10,2000.0,0.0,0,
4,19,1,0.0,0,9814.814814814816,1,2000.0,2037.0370370370372,11,2000.0,0.0,0,
4,20,1,0.0,0,9814.814814814816,1,2000.0,2222.222222222222,12,2000.0,0.0,0,
4,21,1,0.0,0,9814.814814814816,1,2000.0,2407.4074074074074,13,2000.0,0.0,0,
4,22,1,0.0,0,9814.814814814816,1,2000.0,2592.5925925925926,14,2000.0,0.0,0,
4,23,1,0.0,0,9814.814814814816,1,2000.0,2777.777777777778,15,2000.0,0.0,0,
5,0,1,0.0,0,9814.814814814816,1,2000.0,2962.962962962963,16,2000.0,0.0,0,
5,1,1,0.0,0,9814.814814814816,1,2000.0,3148.1481481481483,17,2000.0,0.0,0,
5,2,1,0.0,0,9814.814814814816,1,2000.0,3333.3333333333335,18,2000.0,0.0,0,
5,3,1,0.0,0,9814.814814814816,1,2000.0,3518.5185185185187,19,2000.0,0.0,0,
5,4,1,0.0,0,9814.814814814816,1,2000.0,3703.703703703704,20,2000.0,0.0,0,
5,5,1,0.0,0,9814.814814814816,1,2000.0,3888.888888888889,21,2000.0,0.0,0,
5,6,0,0.0,0,9814.814814814816,1,2000.0,4074.0740740740744,22,2000.0,0.0,0,
5,7,0,0.0,0,9814.814814814816,1,2000.0,4259.259259259259,23,2000.0,0.0,0,
5,8,0,0.0,0,9814.814814814816,1,2000.0,4444.444444444444,24,2000.0,0.0,0,
5,9,0,0.0,0,9814.814814814816,1,2000.0,4629.62962962963,25,2000.0,0.0,0,
5,10,0,0.0,0,9814.814814814816,1,2000.0,4814.814814814815,26,2000.0,0.0,0,
5,11,0,0.0,0,9814.814814814816,1,2000.0,5000.0,27,2000.0,0.0,0,
5,12,0,0.0,0,9814.814814814816,1,2000.0,5185.185185185185,28,2000.0,0.0,0,
5,13,0,0.0,0,9814.814814814816,1,2000.0,5370.37037037037,29,2000.0,0.0,0,
5,14,0,0.0,0,9814.814814814816,1,2000.0,5555.555555555556,30,2000.0,0.0,0,
5,15,0,0.0,0,9814.814814814816,1,2000.0,5740.740740740741,31,2000.0,0.0,0,
5,16,0,0.0,0,9814.814814814816,1,2000.0,5925.925925925926,32,2000.0,0.0,0,
5,17,0,0.0,0,9814.814814814816,1,2000.0,6111.111111111111,33,2000.0,0.0,0,
5,18,1,0.0,0,9814.814814814816,1,2000.0,6296.2962962962965,34,2000.0,0.0,0,
5,19,1,0.0,0,9814.814814814816,1,2000.0,6481.481481481482,35,2000.0,0.0,0,
5,20,1,0.0,0,9814.814814814816,1,2000.0,6666.666666666667,36,2000.0,0.0,0,
5,21,1,0.0,0,9814.814814814816,1,2000.0,6851.851851851852,37,2000.0,0.0,0,
5,22,1,0.0,0,9814.814814814816,1,2000.0,7037.037037037037,38,2000.0,0.0,0,
5,23,1,0.0,0,9814.814814814816,1,2000.0,7222.222222222223,39,2000.0,0.0,0,
6,0,1,0.0,0,9814.814814814816,1,2000.0,7407.407407407408,40,2000.0,0.0,0,
6,1,1,0.0,0,9814.814814814816,1,2000.0,7592.592592592593,41,2000.0,0.0,0,
6,2,1,0.0,0,9814.814814814816,1,2000.0,7777.777777777778,42,2000.0,0.0,0,
6,3,1,0.0,0,9814.814814814816,1,2000.0,7962.9629629629635,43,2000.0,0.0,0,
6,4,1,0.0,0,9814.814814814816,1,2000.0,8148.148148148149,44,2000.0,0.0,0,
6,5,1,0.0,0,9814.814814814816,1,2000.0,8333.333333333334,45,2000.0,0.0,0,
6,6,0,0.0,0,9814.814814814816,1,2000.0,8518.518518518518,46,2000.0,0.0,0,
6,7,0,0.0,0,9814.814814814816,1,2000.0,8703.703703703703,47,2000.0,0.0,0,
6,8,0,0.0,0,9814.814814814816,1,2000.0,8888.888888888887,48,2000.0,0.0,0,
6,9,0,0.0,0,9814.814814814816,1,2000.0,9074.074074074071,49,2000.0,0.0,0,
6,10,0,0.0,0,9814.814814814816,1,2000.0,9259.259259259255,50,2000.0,0.0,0,
6,11,0,0.0,0,9814.814814814816,1,2000.0,9444.44444444444,51,2000.0,0.0,0,
6,12,0,0.0,0,9814.814814814816,1,2000.0,9629.629629629624,52,2000.0,0.0,0,
6,13,0,0.0,0,9814.814814814816,1,2000.0,9814.814814814808,53,2000.0,0.0,0,
6,14,0,0.0,0,9814.814814814816,0,2000.0,9999.999999999993,0,2000.0,0.0,0,
6,15,0,0.0,0,10000.0,0,2000.0,9999.999999999993,0,2000.0,0.0,0,
6,16,0,0.0,0,10000.0,0,2000.0,9999.999999999993,0,2000.0,0.0,0,
6,17,0,0.0,0,10000.0,0,2000.0,9999.999999999993,0,2000.0,0.0,0,
6,18,0,0.0,0,10000.0,0,2000.0,9999.999999999993,0,2000.0,0.0,0,
6,19,0,0.0,0,10000.0,0,2000.0,9999.999999999993,0,2000.0,0.0,0,
6,20,0,0.0,0,10000.0,0,2000.0,9999.999999999993,0,2000.0,0.0,0,
6,21,0,0.0,0,10000.0,0,2000.0,9999.999999999993,0,2000.0,0.0,0,
6,22,0,0.0,0,10000.0,0,2000.0,9999.999999999993,0,2000.0,0.0,0,
6,23,0,0.0,0,10000.0,0,2000.0,9999.999999999993,0,2000.0,0.0,0,
7,0,0,0.0,0,10000.0,0,2000.0,9999.999999999993,0,2000.0,0.0,0,
7,1,0,0.0,0,10000.0,0,2000.0,9999.999999999993,0,2000.0,0.0,0,
7,2,0,0.0,0,10000.0,0,2000.0,9999.999999999993,0,2000.0,0.0,0,
7,3,0,0.0,0,10000.0,0,2000.0,9999.999999999993,0,2000.0,0.0,0,
7,4,0,0.0,0,10000.0,0,2000.0,9999.999999999993,0,2000.0,0.0,0,
7,5,0,0.0,0,10000.0,0,2000.0,9999.999999999993,0,2000.0,0.0,0,
7,6,0,0.0,0,10000.0,0,2000.0,9999.999999999993,0,2000.0,0.0,0,
7,7,0,0.0,0,10000.0,0,2000.0,9999.999999999993,0,2000.0,0.0,0,
7,8,0,0.0,0,10000.0,0,2000.0,9999.999999999993,0,2000.0,0.0,0,
7,9,0,0.0,0,10000.0,0,2000.0,9999.999999999993,0,2000.0,0.0,0,
7,10,0,0.0,0,10000.0,0,2000.0,9999.999999999993,0,2000.0,0.0,0,
7,11,0,0.0,0,10000.0,0,2000.0,9999.999999999993,0,2000.0,0.0,0,
7,12,1,0.0,0,10000.0,0,2000.0,9999.999999999993,0,2000.0,0.0,0,
7,13,1,0.0,0,9814.814814814816,1,1970.0,9999.999999999993,0,2000.0,185.1851851851852,1,
7,14,1,0.0,0,9814.814814814816,1,1940.0,9999.999999999993,0,2000.0,370.3703703703704,2,
7,15,1,0.0,0,9814.814814814816,1,1910.0,9999.999999999993,0,2000.0,555.5555555555555,3,
7,16,1,0.0,0,9814.814814814816,1,1880.0,9999.999999999993,0,2000.0,740.7407407407408,4,
7,17,1,0.0,0,9814.814814814816,1,1850.0,9999.999999999993,0,2000.0,925.925925925926,5,
7,18,1,0.0,0,9814.814814814816,1,1820.0,9999.999999999993,0,2000.0,1111.111111111111,6,
7,19,1,0.0,0,9814.814814814816,1,1790.0,9999.999999999993,0,2000.0,1296.2962962962963,7,
7,20,1,0.0,0,9814.814814814816,1,1760.0,9999.999999999993,0,2000.0,1481.4814814814815,8,
7,21,1,0.0,0,9814.814814814816,1,1730.0,9999.999999999993,0,2000.0,1666.6666666666667,9,
7,22,1,0.0,0,9814.814814814816,1,1700.0,9999.999999999993,0,2000.0,1851.851851851852,10,
7,23,1,0.0,0,9814.814814814816,1,1670.0,9999.999999999993,0,2000.0,2037.0370370370372,11,
8,0,1,0.0,0,9814.814814814816,1,1640.0,9999.999999999993,0,2000.0,2222.222222222222,12,
8,1,1,0.0,0,9814.814814814816,1,1610.0,9999.999999999993,0,2000.0,2407.4074074074074,13,
8,2,1,0.0,0,9814.814814814816,1,1580.0,9999.999999999993,0,2000.0,2592.5925925925926,14,
8,3,1,0.0,0,9814.814814814816,1,1550.0,9999.999999999993,0,2000.0,2777.777777777778,15,
8,4,1,0.0,0,9814.814814814816,1,1520.0,9999.999999999993,0,2000.0,2962.962962962963,16,
8,5,1,0.0,0,9814.814814814816,1,1490.0,9999.999999999993,0,2000.0,3148.1481481481483,17,
8,6,1,0.0,0,9814.814814814816,1,1460.0,9999.999999999993,0,2000.0,3333.3333333333335,18,
8,7,1,0.0,0,9814.814814814816,1,1430.0,9999.999999999993,0,2000.0,3518.5185185185187,19,
8,8,1,0.0,0,9814.814814814816,1,1400.0,9999.999999999993,0,2000.0,3703.703703703704,20,
8,9,1,0.0,0,9814.814814814816,1,1370.0,9999.999999999993,0,2000.0,3888.888888888889,21,
8,10,1,0.0,0,9814.814814814816,1,1340.0,9999.999999999993,0,2000.0,4074.0740740740744,22,
8,11,1,0.0,0,9814.814814814816,1,1310.0,9999.999999999993,0,2000.0,4259.259259259259,23,
8,12,1,0.0,0,9814.814814814816,1,1280.0,9999.999999999993,0,2000.0,4444.444444444444,24,
8,13,1,0.0,0,9814.814814814816,1,1250.0,9999.999999999993,0,2000.0,4629.62962962963,25,
8,14,1,0.0,0,9814.814814814816,1,1220.0,9999.999999999993,0,2000.0,4814.814814814815,26,
8,15,1,0.0,0,9814.814814814816,1,1190.0,9999.999999999993,0,2000.0,5000.0,27,
8,16,1,0.0,0,9814.814814814816,1,1160.0,9999.999999999993,0,2000.0,5185.185185185185,28,
8,17,1,0.0,0,9814.814814814816,1,1130.0,9999.999999999993,0,2000.0,5370.37037037037,29,
8,18,1,0.0,0,9814.814814814816,1,1100.0,9999.999999999993,0,2000.0,5555.555555555556,30,
8,19,1,0.0,0,9814.814814814816,1,1070.0,9999.999999999993,0,2000.0,5740.740740740741,31,
8,20,1,0.0,0,9814.814814814816,1,1040.0,9999.999999999993,0,2000.0,5925.925925925926,32,
8,21,1,0.0,0,9814.814814814816,1,1010.0,9999.999999999993,0,2000.0,6111.111111111111,33,
8,22,1,0.0,0,9814.814814814816,1,980.0,9999.999999999993,0,2000.0,6296.2962962962965,34,
8,23,1,0.0,0,9814.814814814816,1,950.0,9999.999999999993,0,2000.0,6481.481481481482,35,
9,0,1,0.0,0,9814.814814814816,1,920.0,9999.999999999993,0,2000.0,6666.666666666667,36,
9,1,1,0.0,0,9814.814814814816,1,890.0,9999.999999999993,0,2000.0,6851.851851851852,37,
9,2,1,0.0,0,9814.814814814816,1,860.0,9999.999999999993,0,2000.0,7037.037037037037,38,
9,3,1,0.0,0,9814.814814814816,1,830.0,9999.999999999993,0,2000.0,7222.222222222223,39,
9,4,1,0.0,0,9814.814814814816,1,800.0,9999.999999999993,0,2000.0,7407.407407407408,40,
9,5,1,0.0,0,9814.814814814816,1,770.0,9999.999999999993,0,2000.0,7592.592592592593,41,
9,6,1,0.0,0,9814.814814814816,1,740.0,9999.999999999993,0,2000.0,7777.777777777778,42,
9,7,1,0.0,0,9814.814814814816,1,710.0,9999.999999999993,0,2000.0,7962.9629629629635,43,
9,8,1,0.0,0,9814.814814814816,1,680.0,9999.999999999993,0,2000.0,8148.148148148149,44,
9,9,1,0.0,0,9814.814814814816,1,650.0,9999.999999999993,0,2000.0,8333.333333333334,45,
9,10,1,0.0,0,9814.814814814816,1,620.0,9999.999999999993,0,2000.0,8518.518518518518,46,
9,11,1,0.0,0,9814.814814814816,1,590.0,9999.999999999993,0,2000.0,8703.703703703703,47,
9,12,1,0.0,0,9814.814814814816,1,560.0,9999.999999999993,0,2000.0,8888.888888888887,48,
9,13,1,0.0,0,9814.814814814816,1,530.0,9999.999999999993,0,2000.0,9074.074074074071,49,
9,14,1,0.0,0,9814.814814814816,1,500.0,9999.999999999993,0,2000.0,9259.259259259255,50,
9,15,1,0.0,0,9814.814814814816,1,470.0,9999.999999999993,0,2000.0,9444.44444444444,51,
9,16,1,0.0,0,9814.814814814816,1,440.0,9999.999999999993,0,2000.0,9629.629629629624,52,
9,17,1,0.0,0,9814.814814814816,1,410.0,9999.999999999993,0,2000.0,9814.814814814808,53,
9,18,1,0.0,0,9814.814814814816,0,380.0,9999.999999999993,0,2000.0,9999.999999999993,0,
9,19,1,0.0,0,10000.0,0,350.0,9999.999999999993,0,2000.0,9999.999999999993,0,
9,20,1,0.0,0,10000.0,0,320.0,9999.999999999993,0,2000.0,9999.999999999993,0,
9,21,1,0.0,0,10000.0,0,290.0,9999.999999999993,0,2000.0,9999.999999999993,0,
9,22,1,0.0,0,10000.0,0,260.0,9999.999999999993,0,2000.0,9999.999999999993,0,
9,23,1,0.0,0,10000.0,0,230.0,9999.999999999993,0,2000.0,9999.999999999993,0,
10,0,1,0.0,0,10000.0,0,200.0,9999.999999999993,0,2000.0,9999.999999999993,0,
10,1,1,0.0,0,10000.0,0,170.0,9999.999999999993,0,2000.0,9999.999999999993,0,
10,2,1,0.0,0,10000.0,0,140.0,9999.999999999993,0,2000.0,9999.999999999993,0,
10,3,1,0.0,0,10000.0,0,110.0,9999.999999999993,0,2000.0,9999.999999999993,0,
10,4,1,0.0,0,10000.0,0,80.0,9999.999999999993,0,2000.0,9999.999999999993,0,
10,5,1,0.0,0,10000.0,0,50.0,9999.999999999993,0,2000.0,9999.999999999993,0,
10,6,1,0.0,0,10000.0,0,20.0,9999.999999999993,0,2000.0,9999.999999999993,0,
10,7,1,0.0,0,10000.0,0,0.0,9999.999999999993,0,2000.0,9999.999999999993,0,
10,8,1,0.0,0,10000.0,0,0.0,9999.999999999993,0,2000.0,9999.999999999993,0,
10,9,1,0.0,1,10000.0,0,0.0,9999.999999999993,1,1970.0,9999.999999999993,0,
10,10,1,0.0,1,10000.0,0,0.0,9999.999999999993,2,1940.0,9999.999999999993,0,
10,11,1,0.0,1,10000.0,0,0.0,9999.999999999993,3,1910.0,9999.999999999993,0,
10,12,1,0.0,1,10000.0,0,0.0,9999.999999999993,4,1880.0,9999.999999999993,0,
10,13,1,0.0,1,10000.0,0,0.0,9999.999999999993,5,1850.0,9999.999999999993,0,
10,14,1,0.0,1,10000.0,0,0.0,9999.999999999993,6,1820.0,9999.999999999993,0,
10,15,1,0.0,1,10000.0,0,0.0,9999.999999999993,7,1790.0,9999.999999999993,0,
10,16,1,0.0,1,10000.0,0,0.0,9999.999999999993,8,1760.0,9999.999999999993,0,
10,17,1,0.0,1,10000.0,0,0.0,9999.999999999993,9,1730.0,9999.999999999993,0,
10,18,1,0.0,1,10000.0,0,0.0,9999.999999999993,10,1700.0,9999.999999999993,0,
10,19,1,0.0,1,10000.0,0,0.0,9999.999999999993,11,1670.0,9999.999999999993,0,
10,20,1,0.0,1,10000.0,0,0.0,9999.999999999993,12,1640.0,9999.999999999993,0,
10,21,1,0.0,1,10000.0,0,0.0,9999.999999999993,13,1610.0,9999.999999999993,0,
10,22,1,0.0,1,10000.0,0,0.0,9999.999999999993,14,1580.0,9999.999999999993,0,
10,23,1,0.0,1,10000.0,0,0.0,9999.999999999993,15,1550.0,9999.999999999993,0,
11,0,1,0.0,1,10000.0,0,0.0,9999.999999999993,16,1520.0,9999.999999999993,0,
11,1,1,0.0,1,10000.0,0,0.0,9999.999999999993,17,1490.0,9999.999999999993,0,
11,2,1,0.0,1,10000.0,0,0.0,9999.999999999993,18,1460.0,9999.999999999993,0,
11,3,1,0.0,1,10000.0,0,0.0,9999.999999999993,19,1430.0,9999.999999999993,0,
11,4,1,0.0,1,10000.0,0,0.0,9999.999999999993,20,1400.0,9999.999999999993,0,
11,5,1,0.0,1,10000.0,0,0.0,9999.999999999993,21,1370.0,9999.999999999993,0,
11,6,1,0.0,1,10000.0,0,0.0,9999.999999999993,22,1340.0,9999.999999999993,0,
11,7,1,0.0,1,10000.0,0,0.0,9999.999999999993,23,1310.0,9999.999999999993,0,
11,8,1,0.0,1,10000.0,0,0.0,9999.999999999993,24,1280.0,9999.999999999993,0,
11,9,1,0.0,1,10000.0,0,0.0,9999.999999999993,25,1250.0,9999.999999999993,0,
11,10,1,0.0,1,10000.0,0,0.0,9999.999999999993,26,1220.0,9999.999999999993,0,
11,11,1,0.0,1,10000.0,0,0.0,9999.999999999993,27,1190.0,9999.999999999993,0,
11,12,1,0.0,1,10000.0,0,0.0,9999.999999999993,28,1160.0,9999.999999999993,0,
11,13,1,0.0,1,10000.0,0,0.0,9999.999999999993,29,1130.0,9999.999999999993,0,
11,14,1,0.0,1,10000.0,0,0.0,9999.999999999993,30,1100.0,9999.999999999993,0,
11,15,1,0.0,1,10000.0,0,0.0,9999.999999999993,31,1070.0,9999.999999999993,0,
11,16,1,0.0,1,10000.0,0,0.0,9999.999999999993,32,1040.0,9999.999999999993,0,
11,17,1,0.0,1,10000.0,0,0.0,9999.999999999993,33,1010.0,9999.999999999993,0,
11,18,1,0.0,1,10000.0,0,0.0,9999.999999999993,34,980.0,9999.999999999993,0,
11,19,1,0.0,1,10000.0,0,0.0,9999.999999999993,35,950.0,9999.999999999993,0,
11,20,1,0.0,1,10000.0,0,0.0,9999.999999999993,36,920.0,9999.999999999993,0,
11,21,1,0.0,1,10000.0,0,0.0,9999.999999999993,37,890.0,9999.999999999993,0,
11,22,1,0.0,1,10000.0,0,0.0,9999.999999999993,38,860.0,9999.999999999993,0,
11,23,1,0.0,1,10000.0,0,0.0,9999.999999999993,39,830.0,9999.999999999993,0,
12,0,1,0.0,1,10000.0,0,0.0,9999.999999999993,40,800.0,9999.999999999993,0,
12,1,1,0.0,1,10000.0,0,0.0,9999.999999999993,41,770.0,9999.999999999993,0,
12,2,1,0.0,1,10000.0,0,0.0,9999.999999999993,42,740.0,9999.999999999993,0,
12,3,1,0.0,1,10000.0,0,0.0,9999.999999999993,43,710.0,9999.999999999993,0,
12,4,1,0.0,1,10000.0,0,0.0,9999.999999999993,44,680.0,9999.999999999993,0,
12,5,1,0.0,1,10000.0,0,0.0,9999.999999999993,45,650.0,9999.999999999993,0,
12,6,1,0.0,1,10000.0,0,0.0,9999.999999999993,46,620.0,9999.999999999993,0,
12,7,1,0.0,1,10000.0,0,0.0,9999.999999999993,47,590.0,9999.999999999993,0,
12,8,1,0.0,1,10000.0,0,0.0,9999.999999999993,48,560.0,9999.999999999993,0,
12,9,1,0.0,1,10000.0,0,0.0,9999.999999999993,49,530.0,9999.999999999993,0,
12,10,1,0.0,1,10000.0,0,0.0,9999.999999999993,50,500.0,9999.999999999993,0,
12,11,1,0.0,1,10000.0,0,0.0,9999.999999999993,51,470.0,9999.999999999993,0,
12,12,1,0.0,1,10000.0,0,0.0,9999.999999999993,52,440.0,9999.999999999993,0,
12,13,1,0.0,1,10000.0,0,0.0,9999.999999999993,53,410.0,9999.999999999993,0,
12,14,1,9999.999999999993,0,10000.0,0,0.0,0.0,0,380.0,9999.999999999993,0,
12,15,1,9999.999999999993,0,10000.0,0,30.0,0.0,0,350.0,9999.999999999993,0,
12,16,1,9999.999999999993,0,10000.0,0,60.0,0.0,0,320.0,9999.999999999993,0,
12,17,1,9999.999999999993,0,10000.0,0,90.0,0.0,0,290.0,9999.999999999993,0,
12,18,1,9999.999999999993,0,10000.0,0,120.0,0.0,0,260.0,9999.999999999993,0,
12,19,1,9999.999999999993,0,10000.0,0,150.0,0.0,0,230.0,9999.999999999993,0,
12,20,1,9999.999999999993,0,10000.0,0,180.0,0.0,0,200.0,9999.999999999993,0,
12,21,1,9999.999999999993,0,10000.0,0,210.0,0.0,0,170.0,9999.999999999993,0,
12,22,1,9999.999999999993,0,10000.0,0,240.0,0.0,0,140.0,9999.999999999993,0,
12,23,1,9999.999999999993,0,10000.0,0,270.0,0.0,0,110.0,9999.999999999993,0,
13,0,1,9999.999999999993,0,10000.0,0,300.0,0.0,0,80.0,9999.999999999993,0,
13,1,1,9999.999999999993,0,10000.0,0,330.0,0.0,0,50.0,9999.999999999993,0,
13,2,1,9999.999999999993,0,10000.0,0,360.0,0.0,0,20.0,9999.999999999993,0,
13,3,1,9999.999999999993,0,10000.0,0,390.0,0.0,0,0.0,9999.999999999993,0,
13,4,1,9999.999999999993,0,10000.0,0,420.0,0.0,0,0.0,9999.999999999993,0,
13,5,1,9999.999999999993,0,10000.0,0,450.0,0.0,0,0.0,9999.999999999993,0,
13,6,0,9999.999999999993,0,10000.0,0,480.0,0.0,0,0.0,9999.999999999993,0,
13,7,0,9999.999999999993,0,10000.0,0,510.0,0.0,0,0.0,9999.999999999993,0,
13,8,0,9999.999999999993,0,10000.0,0,540.0,0.0,0,0.0,9999.999999999993,0,
13,9,0,9999.999999999993,1,10000.0,0,570.0,0.0,0,0.0,9999.999999999993,1,
13,10,0,9999.999999999993,1,10000.0,0,600.0,0.0,0,0.0,9999.999999999993,2,
13,11,0,9999.999999999993,1,10000.0,0,630.0,0.0,0,0.0,9999.999999999993,3,
13,12,0,9999.999999999993,1,10000.0,0,660.0,0.0,0,0.0,9999.999999999993,4,
13,13,0,9999.999999999993,1,10000.0,0,690.0,0.0,0,0.0,9999.999999999993,5,
13,14,0,9999.999999999993,1,10000.0,0,720.0,0.0,0,0.0,9999.999999999993,6,
13,15,0,9999.999999999993,1,10000.0,0,750.0,0.0,0,0.0,9999.999999999993,7,
13,16,0,9999.999999999993,1,10000.0,0,780.0,0.0,0,0.0,9999.999999999993,8,
13,17,0,9999.999999999993,1,10000.0,0,810.0,0.0,0,0.0,9999.999999999993,9,
13,18,0,9999.999999999993,1,10000.0,0,840.0,0.0,0,0.0,9999.999999999993,10,
13,19,0,9999.999999999993,1,10000.0,0,870.0,0.0,0,0.0,9999.999999999993,11,
13,20,0,9999.999999999993,1,10000.0,0,900.0,0.0,0,0.0,9999.999999999993,12,
13,21,0,9999.999999999993,1,10000.0,0,930.0,0.0,0,0.0,9999.999999999993,13,
13,22,0,9999.999999999993,1,10000.0,0,960.0,0.0,0,0.0,9999.999999999993,14,
13,23,0,9999.999999999993,1,10000.0,0,990.0,0.0,0,0.0,9999.999999999993,15,
14,0,0,9999.999999999993,1,10000.0,0,1020.0,0.0,0,0.0,9999.999999999993,16,
14,1,0,9999.999999999993,1,10000.0,0,1050.0,0.0,0,0.0,9999.999999999993,17,
14,2,0,9999.999999999993,1,10000.0,0,1080.0,0.0,0,0.0,9999.999999999993,18,
14,3,0,9999.999999999993,1,10000.0,0,1110.0,0.0,0,0.0,9999.999999999993,19,
14,4,0,9999.999999999993,1,10000.0,0,1140.0,0.0,0,0.0,9999.999999999993,20,
14,5,0,9999.999999999993,1,10000.0,0,1170.0,0.0,0,0.0,9999.999999999993,21,
14,6,1,9999.999999999993,1,10000.0,0,1200.0,0.0,0,0.0,9999.999999999993,22,
14,7,1,9999.999999999993,1,10000.0,0,1230.0,0.0,0,0.0,9999.999999999993,23,
14,8,1,9999.999999999993,1,10000.0,0,1260.0,0.0,0,0.0,9999.999999999993,24,
14,9,1,9999.999999999993,1,10000.0,0,1290.0,0.0,0,0.0,9999.999999999993,25,
14,10,1,9999.999999999993,1,10000.0,0,1320.0,0.0,0,0.0,9999.999999999993,26,
14,11,1,9999.999999999993,1,10000.0,0,1350.0,0.0,0,0.0,9999.999999999993,27,
14,12,1,9999.999999999993,1,10000.0,0,1380.0,0.0,0,0.0,9999.999999999993,28,
14,13,1,9999.999999999993,1,10000.0,0,1410.0,0.0,0,0.0,9999.999999999993,29,
14,14,1,9999.999999999993,1,10000.0,0,1440.0,0.0,0,0.0,9999.999999999993,30,
14,15,1,9999.999999999993,1,10000.0,0,1470.0,0.0,0,0.0,9999.999999999993,31,
14,16,1,9999.999999999993,1,10000.0,0,1500.0,0.0,0,0.0,9999.999999999993,32,
14,17,1,9999.999999999993,1,10000.0,0,1530.0,0.0,0,0.0,9999.999999999993,33,
14,18,1,9999.999999999993,1,10000.0,0,1560.0,0.0,0,0.0,9999.999999999993,34,
14,19,1,9999.999999999993,1,10000.0,0,1590.0,0.0,0,0.0,9999.999999999993,35,
14,20,1,9999.999999999993,1,10000.0,0,1620.0,0.0,0,0.0,9999.999999999993,36,
14,21,1,9999.999999999993,1,10000.0,0,1650.0,0.0,0,0.0,9999.999999999993,37,
14,22,1,9999.999999999993,1,10000.0,0,1680.0,0.0,0,0.0,9999.999999999993,38,
14,23,1,9999.999999999993,1,10000.0,0,1710.0,0.0,0,0.0,9999.999999999993,39,
15,0,1,9999.999999999993,1,10000.0,0,1740.0,0.0,0,0.0,9999.999999999993,40,
15,1,1,9999.999999999993,1,10000.0,0,1770.0,0.0,0,0.0,9999.999999999993,41,
15,2,1,9999.999999999993,1,10000.0,0,1800.0,0.0,0,0.0,9999.999999999993,42,
15,3,1,9999.999999999993,1,10000.0,0,1830.0,0.0,0,0.0,9999.999999999993,43,
15,4,1,9999.999999999993,1,10000.0,0,1860.0,0.0,0,0.0,9999.999999999993,44,
15,5,1,9999.999999999993,1,10000.0,0,1890.0,0.0,0,0.0,9999.999999999993,45,
15,6,1,9999.999999999993,1,10000.0,0,1920.0,0.0,0,0.0,9999.999999999993,46,
15,7,1,9999.999999999993,1,10000.0,0,1950.0,0.0,0,0.0,9999.999999999993,47,
15,8,1,9999.999999999993,1,10000.0,0,1980.0,0.0,0,0.0,9999.999999999993,48,
15,9,1,9999.999999999993,1,10000.0,0,2000.0,0.0,0,0.0,9999.999999999993,49,
15,10,1,9999.999999999993,1,9814.814814814816,1,2000.0,185.1851851851852,1,0.0,9999.999999999993,50,
15,11,1,9999.999999999993,1,9814.814814814816,1,2000.0,370.3703703703704,2,0.0,9999.999999999993,51,
15,12,1,9999.999999999993,1,9814.814814814816,1,2000.0,555.5555555555555,3,0.0,9999.999999999993,52,
15,13,1,9999.999999999993,1,9814.814814814816,1,2000.0,740.7407407407408,4,0.0,9999.999999999993,53,
15,14,1,19999.999999999985,0,9814.814814814816,1,2000.0,925.925925925926,5,0.0,0.0,0,
15,15,1,19999.999999999985,0,9814.814814814816,1,2000.0,1111.111111111111,6,30.0,0.0,0,
15,16,1,19999.999999999985,0,9814.814814814816,1,2000.0,1296.2962962962963,7,60.0,0.0,0,
15,17,1,19999.999999999985,0,9814.814814814816,1,2000.0,1481.4814814814815,8,90.0,0.0,0,
15,18,1,19999.999999999985,0,9814.814814814816,1,2000.0,1666.6666666666667,9,120.0,0.0,0,
15,19,1,19999.999999999985,0,9814.814814814816,1,2000.0,1851.851851851852,10,150.0,0.0,0,
15,20,1,19999.999999999985,0,9814.814814814816,1,2000.0,2037.0370370370372,11,180.0,0.0,0,
15,21,1,19999.999999999985,0,9814.814814814816,1,2000.0,2222.222222222222,12,210.0,0.0,0,
15,22,1,19999.999999999985,0,9814.814814814816,1,2000.0,2407.4074074074074,13,240.0,0.0,0,
15,23,1,19999.999999999985,0,9814.814814814816,1,2000.0,2592.5925925925926,14,270.0,0.0,0,
16,0,1,19999.999999999985,0,9814.814814814816,1,2000.0,2777.777777777778,15,300.0,0.0,0,
16,1,1,19999.999999999985,0,9814.814814814816,1,2000.0,2962.962962962963,16,330.0,0.0,0,
16,2,1,19999.999999999985,0,9814.814814814816,1,2000.0,3148.1481481481483,17,360.0,0.0,0,
16,3,1,19999.999999999985,0,9814.814814814816,1,2000.0,3333.3333333333335,18,390.0,0.0,0,
16,4,1,19999.999999999985,0,9814.814814814816,1,2000.0,3518.5185185185187,19,420.0,0.0,0,
16,5,1,19999.999999999985,0,9814.814814814816,1,2000.0,3703.703703703704,20,450.0,0.0,0,
16,6,1,19999.999999999985,0,9814.814814814816,1,2000.0,3888.888888888889,21,480.0,0.0,0,
16,7,1,19999.999999999985,0,9814.814814814816,1,2000.0,4074.0740740740744,22,510.0,0.0,0,
16,8,1,19999.999999999985,0,9814.814814814816,1,2000.0,4259.259259259259,23,540.0,0.0,0,
16,9,1,19999.999999999985,0,9814.814814814816,1,2000.0,4444.444444444444,24,570.0,0.0,0,
16,10,1,19999.999999999985,0,9814.814814814816,1,2000.0,4629.62962962963,25,600.0,0.0,0,
16,11,1,19999.999999999985,0,9814.814814814816,1,2000.0,4814.814814814815,26,630.0,0.0,0,
16,12,1,19999.999999999985,0,9814.814814814816,1,2000.0,5000.0,27,660.0,0.0,0,
16,13,1,19999.999999999985,0,9814.814814814816,1,2000.0,5185.185185185185,28,690.0,0.0,0,
16,14,1,19999.999999999985,0,9814.814814814816,1,2000.0,5370.37037037037,29,720.0,0.0,0,
16,15,1,19999.999999999985,0,9814.814814814816,1,2000.0,5555.555555555556,30,750.0,0.0,0,
16,16,1,19999.999999999985,0,9814.814814814816,1,2000.0,5740.740740740741,31,780.0,0.0,0,
16,17,1,19999.999999999985,0,9814.814814814816,1,2000.0,5925.925925925926,32,810.0,0.0,0,
16,18,1,19999.999999999985,0,9814.814814814816,1,2000.0,6111.111111111111,33,840.0,0.0,0,
16,19,1,19999.999999999985,0,9814.814814814816,1,2000.0,6296.2962962962965,34,870.0,0.0,0,
16,20,1,19999.999999999985,0,9814.814814814816,1,2000.0,6481.481481481482,35,900.0,0.0,0,
16,21,1,19999.999999999985,0,9814.814814814816,1,2000.0,6666.666666666667,36,930.0,0.0,0,
16,22,1,19999.999999999985,0,9814.814814814816,1,2000.0,6851.851851851852,37,960.0,0.0,0,
16,23,1,19999.999999999985,0,9814.814814814816,1,2000.0,7037.037037037037,38,990.0,0.0,0,
17,0,1,19999.999999999985,0,9814.814814814816,1,2000.0,7222.222222222223,39,1020.0,0.0,0,
17,1,1,19999.999999999985,0,9814.814814814816,1,2000.0,7407.407407407408,40,1050.0,0.0,0,
17,2,1,19999.999999999985,0,9814.814814814816,1,2000.0,7592.592592592593,41,1080.0,0.0,0,
17,3,1,19999.999999999985,0,9814.814814814816,1,2000.0,7777.777777777778,42,1110.0,0.0,0,
17,4,1,19999.999999999985,0,9814.814814814816,1,2000.0,7962.9629629629635,43,1140.0,0.0,0,
17,5,1,19999.999999999985,0,9814.814814814816,1,2000.0,8148.148148148149,44,1170.0,0.0,0,
17,6,1,19999.999999999985,0,9814.814814814816,1,2000.0,8333.333333333334,45,1200.0,0.0,0,
17,7,1,19999.999999999985,0,9814.814814814816,1,2000.0,8518.518518518518,46,1230.0,0.0,0,
17,8,1,19999.999999999985,0,9814.814814814816,1,2000.0,8703.703703703703,47,1260.0,0.0,0,
17,9,1,19999.999999999985,0,9814.814814814816,1,2000.0,8888.888888888887,48,1290.0,0.0,0,
17,10,1,19999.999999999985,0,9814.814814814816,1,2000.0,9074.074074074071,49,1320.0,0.0,0,
17,11,1,19999.999999999985,0,9814.814814814816,1,2000.0,9259.259259259255,50,1350.0,0.0,0,
17,12,1,19999.999999999985,0,9814.814814814816,1,2000.0,9444.44444444444,51,1380.0,0.0,0,
17,13,1,19999.999999999985,0,9814.814814814816,1,2000.0,9629.629629629624,52,1410.0,0.0,0,
17,14,1,19999.999999999985,0,9814.814814814816,1,2000.0,9814.814814814808,53,1440.0,0.0,0,
17,15,1,19999.999999999985,0,9814.814814814816,0,2000.0,9999.999999999993,0,1470.0,0.0,0,
17,16,1,19999.999999999985,0,10000.0,0,1970.0,9999.999999999993,0,1500.0,0.0,0,
17,17,1,19999.999999999985,0,10000.0,0,1940.0,9999.999999999993,0,1530.0,0.0,0,
17,18,1,19999.999999999985,0,10000.0,0,1910.0,9999.999999999993,0,1560.0,0.0,0,
17,19,1,19999.999999999985,0,10000.0,0,1880.0,9999.999999999993,0,1590.0,0.0,0,
17,20,1,19999.999999999985,0,10000.0,0,1850.0,9999.999999999993,0,1620.0,0.0,0,
17,21,1,19999.999999999985,0,10000.0,0,1820.0,9999.999999999993,0,1650.0,0.0,0,
17,22,1,19999.999999999985,0,10000.0,0,1790.0,9999.999999999993,0,1680.0,0.0,0,
17,23,1,19999.999999999985,0,10000.0,0,1760.0,9999.999999999993,0,1710.0,0.0,0,
18,0,0,19999.999999999985,0,10000.0,0,1730.0,9999.999999999993,0,1740.0,0.0,0,
18,1,0,19999.999999999985,0,10000.0,0,1700.0,9999.999999999993,0,1770.0,0.0,0,
18,2,0,19999.999999999985,0,10000.0,0,1670.0,9999.999999999993,0,1800.0,0.0,0,
18,3,0,19999.999999999985,0,10000.0,0,1640.0,9999.999999999993,0,1830.0,0.0,0,
18,4,0,19999.999999999985,0,10000.0,0,1610.0,9999.999999999993,0,1860.0,0.0,0,
18,5,0,19999.999999999985,0,10000.0,0,1580.0,9999.999999999993,0,1890.0,0.0,0,
18,6,0,19999.999999999985,0,10000.0,0,1550.0,9999.999999999993,0,1920.0,0.0,0,
18,7,0,19999.999999999985,0,10000.0,0,1520.0,9999.999999999993,0,1950.0,0.0,0,
18,8,0,19999.999999999985,0,10000.0,0,1490.0,9999.999999999993,0,1980.0,0.0,0,
18,9,0,19999.999999999985,0,10000.0,0,1460.0,9999.999999999993,0,2000.0,0.0,0,
18,10,0,19999.999999999985,0,10000.0,0,1430.0,9999.999999999993,0,2000.0,0.0,0,
18,11,0,19999.999999999985,0,10000.0,0,1400.0,9999.999999999993,0,2000.0,0.0,0,
18,12,1,19999.999999999985,0,10000.0,0,1370.0,9999.999999999993,0,2000.0,0.0,0,
18,13,1,19999.999999999985,0,9814.814814814816,1,1340.0,9999.999999999993,0,2000.0,185.1851851851852,1,
18,14,1,19999.999999999985,0,9814.814814814816,1,1310.0,9999.999999999993,0,2000.0,370.3703703703704,2,
18,15,1,19999.999999999985,0,9814.814814814816,1,1280.0,9999.999999999993,0,2000.0,555.5555555555555,3,
18,16,1,19999.999999999985,0,9814.814814814816,1,1250.0,9999.999999999993,0,2000.0,740.7407407407408,4,
18,17,1,19999.999999999985,0,9814.814814814816,1,1220.0,9999.999999999993,0,2000.0,925.925925925926,5,
18,18,0,19999.999999999985,0,9814.814814814816,1,1190.0,9999.999999999993,0,2000.0,1111.111111111111,6,
18,19,0,19999.999999999985,0,9814.814814814816,1,1160.0,9999.999999999993,0,2000.0,1296.2962962962963,7,
18,20,0,19999.999999999985,0,9814.814814814816,1,1130.0,9999.999999999993,0,2000.0,1481.4814814814815,8,
18,21,0,19999.999999999985,0,9814.814814814816,1,1100.0,9999.999999999993,0,2000.0,1666.6666666666667,9,
18,22,0,19999.999999999985,0,9814.814814814816,1,1070.0,9999.999999999993,0,2000.0,1851.851851851852,10,
18,23,0,19999.999999999985,0,9814.814814814816,1,1040.0,9999.999999999993,0,2000.0,2037.0370370370372,11,
19,0,1,19999.999999999985,0,9814.814814814816,1,1010.0,9999.999999999993,0,2000.0,2222.222222222222,12,
19,1,1,19999.999999999985,0,9814.814814814816,1,980.0,9999.999999999993,0,2000.0,2407.4074074074074,13,
19,2,1,19999.999999999985,0,9814.814814814816,1,950.0,9999.999999999993,0,2000.0,2592.5925925925926,14,
19,3,1,19999.999999999985,0,9814.814814814816,1,920.0,9999.999999999993,0,2000.0,2777.777777777778,15,
19,4,1,19999.999999999985,0,9814.814814814816,1,890.0,9999.999999999993,0,2000.0,2962.962962962963,16,
19,5,1,19999.999999999985,0,9814.814814814816,1,860.0,9999.999999999993,0,2000.0,3148.1481481481483,17,
19,6,1,19999.999999999985,0,9814.814814814816,1,830.0,9999.999999999993,0,2000.0,3333.3333333333335,18,
19,7,1,19999.999999999985,0,9814.814814814816,1,800.0,9999.999999999993,0,2000.0,3518.5185185185187,19,
19,8,1,19999.999999999985,0,9814.814814814816,1,770.0,9999.999999999993,0,2000.0,3703.703703703704,20,
19,9,1,19999.999999999985,0,9814.814814814816,1,740.0,9999.999999999993,0,2000.0,3888.888888888889,21,
19,10,1,19999.999999999985,0,9814.814814814816,1,710.0,9999.999999999993,0,2000.0,4074.0740740740744,22,
19,11,1,19999.999999999985,0,9814.814814814816,1,680.0,9999.999999999993,0,2000.0,4259.259259259259,23,
19,12,1,19999.999999999985,0,9814.814814814816,1,650.0,9999.999999999993,0,2000.0,4444.444444444444,24,
19,13,1,19999.999999999985,0,9814.814814814816,1,620.0,9999.999999999993,0,2000.0,4629.62962962963,25,
19,14,1,19999.999999999985,0,9814.814814814816,1,590.0,9999.999999999993,0,2000.0,4814.814814814815,26,
19,15,1,19999.999999999985,0,9814.814814814816,1,560.0,9999.999999999993,0,2000.0,5000.0,27,
19,16,1,19999.999999999985,0,9814.814814814816,1,530.0,9999.999999999993,0,2000.0,5185.185185185185,28,
19,17,1,19999.999999999985,0,9814.814814814816,1,500.0,9999.999999999993,0,2000.0,5370.37037037037,29,
19,18,1,19999.999999999985,0,9814.814814814816,1,470.0,9999.999999999993,0,2000.0,5555.555555555556,30,
19,19,1,19999.999999999985,0,9814.814814814816,1,440.0,9999.999999999993,0,2000.0,5740.740740740741,31,
19,20,1,19999.999999999985,0,9814.814814814816,1,410.0,9999.999999999993,0,2000.0,5925.925925925926,32,
19,21,1,19999.999999999985,0,9814.814814814816,1,380.0,9999.999999999993,0,2000.0,6111.111111111111,33,
19,22,1,19999.999999999985,0,9814.814814814816,1,350.0,9999.999999999993,0,2000.0,6296.2962962962965,34,
19,23,1,19999.999999999985,0,9814.814814814816,1,320.0,9999.999999999993,0,2000.0,6481.481481481482,35,
20,0,1,19999.999999999985,0,9814.814814814816,1,290.0,9999.999999999993,0,2000.0,6666.666666666667,36,
20,1,1,19999.999999999985,0,9814.814814814816,1,260.0,9999.999999999993,0,2000.0,6851.851851851852,37,
20,2,1,19999.999999999985,0,9814.814814814816,1,230.0,9999.999999999993,0,2000.0,7037.037037037037,38,
20,3,1,19999.999999999985,0,9814.814814814816,1,200.0,9999.999999999993,0,2000.0,7222.222222222223,39,
20,4,1,19999.999999999985,0,9814.814814814816,1,170.0,9999.999999999993,0,2000.0,7407.407407407408,40,
20,5,1,19999.999999999985,0,9814.814814814816,1,140.0,9999.999999999993,0,2000.0,7592.592592592593,41,
20,6,1,19999.999999999985,0,9814.814814814816,1,110.0,9999.999999999993,0,2000.0,7777.777777777778,42,
20,7,1,19999.999999999985,0,9814.814814814816,1,80.0,9999.999999999993,0,2000.0,7962.9629629629635,43,
20,8,1,19999.999999999985,0,9814.814814814816,1,50.0,9999.999999999993,0,2000.0,8148.148148148149,44,
20,9,1,19999.999999999985,0,9814.814814814816,1,20.0,9999.999999999993,0,2000.0,8333.333333333334,45,
20,10,1,19999.999999999985,0,9814.814814814816,1,0.0,9999.999999999993,0,2000.0,8518.518518518518,46,
20,11,1,19999.999999999985,1,9814.814814814816,1,0.0,9999.999999999993,1,2000.0,8703.703703703703,47,
20,12,1,19999.999999999985,1,9814.814814814816,1,0.0,9999.999999999993,2,2000.0,8888.888888888887,48,
20,13,1,19999.999999999985,1,9814.814814814816,1,0.0,9999.999999999993,3,2000.0,9074.074074074071,49,
20,14,1,19999.999999999985,1,9814.814814814816,1,0.0,9999.999999999993,4,2000.0,9259.259259259255,50,
20,15,1,19999.999999999985,1,9814.814814814816,1,0.0,9999.999999999993,5,2000.0,9444.44444444444,51,
20,16,1,19999.999999999985,1,9814.814814814816,1,0.0,9999.999999999993,6,2000.0,9629.629629629624,52,
20,17,1,19999.999999999985,1,9814.814814814816,1,0.0,9999.999999999993,7,2000.0,9814.814814814808,53,
20,18,1,19999.999999999985,1,9814.814814814816,0,0.0,9999.999999999993,8,2000.0,9999.999999999993,0,
20,19,1,19999.999999999985,1,10000.0,0,0.0,9999.999999999993,9,2000.0,9999.999999999993,0,
20,20,1,19999.999999999985,1,10000.0,0,0.0,9999.999999999993,10,2000.0,9999.999999999993,0,
20,21,1,19999.999999999985,1,10000.0,0,0.0,9999.999999999993,11,2000.0,9999.999999999993,0,
20,22,1,19999.999999999985,1,10000.0,0,0.0,9999.999999999993,12,2000.0,9999.999999999993,0,
20,23,1,19999.999999999985,1,10000.0,0,0.0,9999.999999999993,13,2000.0,9999.999999999993,0,
21,0,1,19999.999999999985,1,10000.0,0,0.0,9999.999999999993,14,2000.0,9999.999999999993,0,
21,1,1,19999.999999999985,1,10000.0,0,0.0,9999.999999999993,15,2000.0,9999.999999999993,0,
21,2,1,19999.999999999985,1,10000.0,0,0.0,9999.999999999993,16,2000.0,9999.999999999993,0,
21,3,1,19999.999999999985,1,10000.0,0,0.0,9999.999999999993,17,2000.0,9999.999999999993,0,
21,4,1,19999.999999999985,1,10000.0,0,0.0,9999.999999999993,18,2000.0,9999.999999999993,0,
21,5,1,19999.999999999985,1,10000.0,0,0.0,9999.999999999993,19,2000.0,9999.999999999993,0,
21,6,1,19999.999999999985,1,10000.0,0,0.0,9999.999999999993,20,2000.0,9999.999999999993,0,
21,7,1,19999.999999999985,1,10000.0,0,0.0,9999.999999999993,21,2000.0,9999.999999999993,0,
21,8,1,19999.999999999985,1,10000.0,0,0.0,9999.999999999993,22,2000.0,9999.999999999993,0,
21,9,1,19999.999999999985,1,10000.0,0,0.0,9999.999999999993,23,1970.0,9999.999999999993,0,
21,10,1,19999.999999999985,1,10000.0,0,0.0,9999.999999999993,24,1940.0,9999.999999999993,0,
21,11,1,19999.999999999985,1,10000.0,0,0.0,9999.999999999993,25,1910.0,9999.999999999993,0,
21,12,1,19999.999999999985,1,10000.0,0,0.0,9999.999999999993,26,1880.0,9999.999999999993,0,
21,13,1,19999.999999999985,1,10000.0,0,0.0,9999.999999999993,27,1850.0,9999.999999999993,0,
21,14,1,19999.999999999985,1,10000.0,0,0.0,9999.999999999993,28,1820.0,9999.999999999993,0,
21,15,1,19999.999999999985,1,10000.0,0,0.0,9999.999999999993,29,1790.0,9999.999999999993,0,
21,16,1,19999.999999999985,1,10000.0,0,0.0,9999.999999999993,30,1760.0,9999.999999999993,0,
21,17,1,19999.999999999985,1,10000.0,0,0.0,9999.999999999993,31,1730.0,9999.999999999993,0,
21,18,1,19999.999999999985,1,10000.0,0,0.0,9999.999999999993,32,1700.0,9999.999999999993,0,
21,19,1,19999.999999999985,1,10000.0,0,0.0,9999.999999999993,33,1670.0,9999.999999999993,0,
21,20,1,19999.999999999985,1,10000.0,0,0.0,9999.999999999993,34,1640.0,9999.999999999993,0,
21,21,1,19999.999999999985,1,10000.0,0,0.0,9999.999999999993,35,1610.0,9999.999999999993,0,
21,22,1,19999.999999999985,1,10000.0,0,0.0,9999.999999999993,36,1580.0,9999.999999999993,0,
21,23,1,19999.999999999985,1,10000.0,0,0.0,9999.999999999993,37,1550.0,9999.999999999993,0,
22,0,1,19999.999999999985,1,10000.0,0,0.0,9999.999999999993,38,1520.0,9999.999999999993,0,
22,1,1,19999.999999999985,1,10000.0,0,0.0,9999.999999999993,39,1490.0,9999.999999999993,0,
22,2,1,19999.999999999985,1,10000.0,0,0.0,9999.999999999993,40,1460.0,9999.999999999993,0,
22,3,1,19999.999999999985,1,10000.0,0,0.0,9999.999999999993,41,1430.0,9999.999999999993,0,
22,4,1,19999.999999999985,1,10000.0,0,0.0,9999.999999999993,42,1400.0,9999.999999999993,0,
22,5,1,19999.999999999985,1,10000.0,0,0.0,9999.999999999993,43,1370.0,9999.999999999993,0,
22,6,1,19999.999999999985,1,10000.0,0,0.0,9999.999999999993,44,1340.0,9999.999999999993,0,
22,7,1,19999.999999999985,1,10000.0,0,0.0,9999.999999999993,45,1310.0,9999.999999999993,0,
22,8,1,19999.999999999985,1,10000.0,0,0.0,9999.999999999993,46,1280.0,9999.999999999993,0,
22,9,1,19999.999999999985,1,10000.0,0,0.0,9999.999999999993,47,1250.0,9999.999999999993,0,
22,10,1,19999.999999999985,1,10000.0,0,0.0,9999.999999999993,48,1220.0,9999.999999999993,0,
22,11,1,19999.999999999985,1,10000.0,0,0.0,9999.999999999993,49,1190.0,9999.999999999993,0,
22,12,1,19999.999999999985,1,10000.0,0,0.0,9999.999999999993,50,1160.0,9999.999999999993,0,
22,13,1,19999.999999999985,1,10000.0,0,0.0,9999.999999999993,51,1130.0,9999.999999999993,0,
22,14,1,19999.999999999985,1,10000.0,0,0.0,9999.999999999993,52,1100.0,9999.999999999993,0,
22,15,1,19999.999999999985,1,10000.0,0,0.0,9999.999999999993,53,1070.0,9999.999999999993,0,
22,16,1,29999.999999999978,0,10000.0,0,0.0,0.0,0,1040.0,9999.999999999993,0,
22,17,1,29999.999999999978,0,10000.0,0,30.0,0.0,0,1010.0,9999.999999999993,0,
22,18,1,29999.999999999978,0,10000.0,0,60.0,0.0,0,980.0,9999.999999999993,0,
22,19,1,29999.999999999978,0,10000.0,0,90.0,0.0,0,950.0,9999.999999999993,0,
22,20,1,29999.999999999978,0,10000.0,0,120.0,0.0,0,920.0,9999.999999999993,0,
22,21,1,29999.999999999978,0,10000.0,0,150.0,0.0,0,890.0,9999.999999999993,0,
22,22,1,29999.999999999978,0,10000.0,0,180.0,0.0,0,860.0,9999.999999999993,0,
22,23,1,29999.999999999978,0,10000.0,0,210.0,0.0,0,830.0,9999.999999999993,0,
23,0,1,29999.999999999978,0,10000.0,0,240.0,0.0,0,800.0,9999.999999999993,0,
23,1,1,29999.999999999978,0,10000.0,0,270.0,0.0,0,770.0,9999.999999999993,0,
23,2,1,29999.999999999978,0,10000.0,0,300.0,0.0,0,740.0,9999.999999999993,0,
23,3,1,29999.999999999978,0,10000.0,0,330.0,0.0,0,710.0,9999.999999999993,0,
23,4,1,29999.999999999978,0,10000.0,0,360.0,0.0,0,680.0,9999.999999999993,0,
23,5,1,29999.999999999978,0,10000.0,0,390.0,0.0,0,650.0,9999.999999999993,0,
23,6,1,29999.999999999978,0,10000.0,0,420.0,0.0,0,620.0,9999.999999999993,0,
23,7,1,29999.999999999978,0,10000.0,0,450.0,0.0,0,590.0,9999.999999999993,0,
23,8,1,29999.999999999978,0,10000.0,0,480.0,0.0,0,560.0,9999.999999999993,0,
23,9,1,29999.999999999978,0,10000.0,0,510.0,0.0,0,530.0,9999.999999999993,0,
23,10,1,29999.999999999978,0,10000.0,0,540.0,0.0,0,500.0,9999.999999999993,0,
23,11,1,29999.999999999978,0,10000.0,0,570.0,0.0,0,470.0,9999.999999999993,0,
23,12,1,29999.999999999978,0,10000.0,0,600.0,0.0,0,440.0,9999.999999999993,0,
23,13,1,29999.999999999978,0,10000.0,0,630.0,0.0,0,410.0,9999.999999999993,0,
23,14,1,29999.999999999978,0,10000.0,0,660.0,0.0,0,380.0,9999.999999999993,0,
23,15,1,29999.999999999978,0,10000.0,0,690.0,0.0,0,350.0,9999.999999999993,0,
23,16,1,29999.999999999978,0,10000.0,0,720.0,0.0,0,320.0,9999.999999999993,0,
23,17,1,29999.999999999978,0,10000.0,0,750.0,0.0,0,290.0,9999.999999999993,0,
23,18,1,29999.999999999978,0,10000.0,0,780.0,0.0,0,260.0,9999.999999999993,0,
23,19,1,29999.999999999978,0,10000.0,0,810.0,0.0,0,230.0,9999.999999999993,0,
23,20,1,29999.999999999978,0,10000.0,0,840.0,0.0,0,200.0,9999.999999999993,0,
23,21,1,29999.999999999978,0,10000.0,0,870.0,0.0,0,170.0,9999.999999999993,0,
23,22,1,29999.999999999978,0,10000.0,0,900.0,0.0,0,140.0,9999.999999999993,0,
23,23,1,29999.999999999978,0,10000.0,0,930.0,0.0,0,110.0,9999.999999999993,0,
24,0,1,29999.999999999978,0,10000.0,0,960.0,0.0,0,80.0,9999.999999999993,0,
24,1,1,29999.999999999978,0,10000.0,0,990.0,0.0,0,50.0,9999.999999999993,0,
24,2,1,29999.999999999978,0,10000.0,0,1020.0,0.0,0,20.0,9999.999999999993,0,
24,3,1,29999.999999999978,0,10000.0,0,1050.0,0.0,0,0.0,9999.999999999993,0,
24,4,1,29999.999999999978,0,10000.0,0,1080.0,0.0,0,0.0,9999.999999999993,0,
24,5,1,29999.999999999978,0,10000.0,0,1110.0,0.0,0,0.0,9999.999999999993,0,
24,6,1,29999.999999999978,0,10000.0,0,1140.0,0.0,0,0.0,9999.999999999993,0,
24,7,1,29999.999999999978,0,10000.0,0,1170.0,0.0,0,0.0,9999.999999999993,0,
24,8,1,29999.999999999978,0,10000.0,0,1200.0,0.0,0,0.0,9999.999999999993,0,
24,9,1,29999.999999999978,1,10000.0,0,1230.0,0.0,0,0.0,9999.999999999993,1,
24,10,1,29999.999999999978,1,10000.0,0,1260.0,0.0,0,0.0,9999.999999999993,2,
24,11,1,29999.999999999978,1,10000.0,0,1290.0,0.0,0,0.0,9999.999999999993,3,
24,12,1,29999.999999999978,1,10000.0,0,1320.0,0.0,0,0.0,9999.999999999993,4,
24,13,1,29999.999999999978,1,10000.0,0,1350.0,0.0,0,0.0,9999.999999999993,5,
24,14,1,29999.999999999978,1,10000.0,0,1380.0,0.0,0,0.0,9999.999999999993,6,
24,15,1,29999.999999999978,1,10000.0,0,1410.0,0.0,0,0.0,9999.999999999993,7,
24,16,1,29999.999999999978,1,10000.0,0,1440.0,0.0,0,0.0,9999.999999999993,8,
24,17,1,29999.999999999978,1,10000.0,0,1470.0,0.0,0,0.0,9999.999999999993,9,
24,18,1,29999.999999999978,1,10000.0,0,1500.0,0.0,0,0.0,9999.999999999993,10,
24,19,1,29999.999999999978,1,10000.0,0,1530.0,0.0,0,0.0,9999.999999999993,11,
24,20,1,29999.999999999978,1,10000.0,0,1560.0,0.0,0,0.0,9999.999999999993,12,
24,21,1,29999.999999999978,1,10000.0,0,1590.0,0.0,0,0.0,9999.999999999993,13,
24,22,1,29999.999999999978,1,10000.0,0,1620.0,0.0,0,0.0,9999.999999999993,14,
24,23,1,29999.999999999978,1,10000.0,0,1650.0,0.0,0,0.0,9999.999999999993,15,
25,0,1,29999.999999999978,1,10000.0,0,1680.0,0.0,0,0.0,9999.999999999993,16,
25,1,1,29999.999999999978,1,10000.0,0,1710.0,0.0,0,0.0,9999.999999999993,17,
25,2,1,29999.999999999978,1,10000.0,0,1740.0,0.0,0,0.0,9999.999999999993,18,
25,3,1,29999.999999999978,1,10000.0,0,1770.0,0.0,0,0.0,9999.999999999993,19,
25,4,1,29999.999999999978,1,10000.0,0,1800.0,0.0,0,0.0,9999.999999999993,20,
25,5,1,29999.999999999978,1,10000.0,0,1830.0,0.0,0,0.0,9999.999999999993,21,
25,6,1,29999.999999999978,1,10000.0,0,1860.0,0.0,0,0.0,9999.999999999993,22,
25,7,1,29999.999999999978,1,10000.0,0,1890.0,0.0,0,0.0,9999.999999999993,23,
25,8,1,29999.999999999978,1,10000.0,0,1920.0,0.0,0,0.0,9999.999999999993,24,
25,9,1,29999.999999999978,1,10000.0,0,1950.0,0.0,0,0.0,9999.999999999993,25,
25,10,1,29999.999999999978,1,10000.0,0,1980.0,0.0,0,0.0,9999.999999999993,26,
25,11,1,29999.999999999978,1,10000.0,0,2000.0,0.0,0,0.0,9999.999999999993,27,
25,12,1,29999.999999999978,1,9814.814814814816,1,2000.0,185.1851851851852,1,0.0,9999.999999999993,28,
25,13,1,29999.999999999978,1,9814.814814814816,1,2000.0,370.3703703703704,2,0.0,9999.999999999993,29,
25,14,1,29999.999999999978,1,9814.814814814816,1,2000.0,555.5555555555555,3,0.0,9999.999999999993,30,
25,15,1,29999.999999999978,1,9814.814814814816,1,2000.0,740.7407407407408,4,0.0,9999.999999999993,31,
25,16,1,29999.999999999978,1,9814.814814814816,1,2000.0,925.925925925926,5,0.0,9999.999999999993,32,
25,17,1,29999.999999999978,1,9814.814814814816,1,2000.0,1111.111111111111,6,0.0,9999.999999999993,33,
25,18,1,29999.999999999978,1,9814.814814814816,1,2000.0,1296.2962962962963,7,0.0,9999.999999999993,34,
25,19,1,29999.999999999978,1,9814.814814814816,1,2000.0,1481.4814814814815,8,0.0,9999.999999999993,35,
25,20,1,29999.999999999978,1,9814.814814814816,1,2000.0,1666.6666666666667,9,0.0,9999.999999999993,36,
25,21,1,29999.999999999978,1,9814.814814814816,1,2000.0,1851.851851851852,10,0.0,9999.999999999993,37,
25,22,1,29999.999999999978,1,9814.814814814816,1,2000.0,2037.0370370370372,11,0.0,9999.999999999993,38,
25,23,1,29999.999999999978,1,9814.814814814816,1,2000.0,2222.222222222222,12,0.0,9999.999999999993,39,
26,0,1,29999.999999999978,1,9814.814814814816,1,2000.0,2407.4074074074074,13,0.0,9999.999999999993,40,
26,1,1,29999.999999999978,1,9814.814814814816,1,2000.0,2592.5925925925926,14,0.0,9999.999999999993,41,
26,2,1,29999.999999999978,1,9814.814814814816,1,2000.0,2777.777777777778,15,0.0,9999.999999999993,42,
26,3,1,29999.999999999978,1,9814.814814814816,1,2000.0,2962.962962962963,16,0.0,9999.999999999993,43,
26,4,1,29999.999999999978,1,9814.814814814816,1,2000.0,3148.1481481481483,17,0.0,9999.999999999993,44,
26,5,1,29999.999999999978,1,9814.814814814816,1,2000.0,3333.3333333333335,18,0.0,9999.999999999993,45,
26,6,1,29999.999999999978,1,9814.814814814816,1,2000.0,3518.5185185185187,19,0.0,9999.999999999993,46,
26,7,1,29999.999999999978,1,9814.814814814816,1,2000.0,3703.703703703704,20,0.0,9999.999999999993,47,
26,8,1,29999.999999999978,1,9814.814814814816,1,2000.0,3888.888888888889,21,0.0,9999.999999999993,48,
26,9,1,29999.999999999978,1,9814.814814814816,1,2000.0,4074.0740740740744,22,0.0,9999.999999999993,49,
26,10,1,29999.999999999978,1,9814.814814814816,1,2000.0,4259.259259259259,23,0.0,9999.999999999993,50,
26,11,1,29999.999999999978,1,9814.814814814816,1,2000.0,4444.444444444444,24,0.0,9999.999999999993,51,
26,12,1,29999.999999999978,1,9814.814814814816,1,2000.0,4629.62962962963,25,0.0,9999.999999999993,52,
26,13,1,29999.999999999978,1,9814.814814814816,1,2000.0,4814.814814814815,26,0.0,9999.999999999993,53,
26,14,1,39999.99999999997,0,9814.814814814816,1,2000.0,5000.0,27,0.0,0.0,0,
26,15,1,39999.99999999997,0,9814.814814814816,1,2000.0,5185.185185185185,28,30.0,0.0,0,
26,16,1,39999.99999999997,0,9814.814814814816,1,2000.0,5370.37037037037,29,60.0,0.0,0,
26,17,1,39999.99999999997,0,9814.814814814816,1,2000.0,5555.555555555556,30,90.0,0.0,0,
26,18,1,39999.99999999997,0,9814.814814814816,1,2000.0,5740.740740740741,31,120.0,0.0,0,
26,19,1,39999.99999999997,0,9814.814814814816,1,2000.0,5925.925925925926,32,150.0,0.0,0,
26,20,1,39999.99999999997,0,9814.814814814816,1,2000.0,6111.111111111111,33,180.0,0.0,0,
26,21,1,39999.99999999997,0,9814.814814814816,1,2000.0,6296.2962962962965,34,210.0,0.0,0,
26,22,1,39999.99999999997,0,9814.814814814816,1,2000.0,6481.481481481482,35,240.0,0.0,0,
26,23,1,39999.99999999997,0,9814.814814814816,1,2000.0,6666.666666666667,36,270.0,0.0,0,
27,0